{
    "learning_rate": 0.01,
    "l2_leaf_reg": 0.027825594022071243,
    "iterations": 400,
    "depth": 8,
    "border_count": 32,
    "bagging_temperature": 0.7000000000000001
}