{
    "learning_rate": 0.22999999999999998,
    "l2_leaf_reg": 12.915496650148826,
    "iterations": 100,
    "depth": 6,
    "border_count": 160,
    "bagging_temperature": 0.6000000000000001
}