{"learning_rate": 0.01530288832254053, "depth": 7, "l2_leaf_reg": 5.244071314568636, "bagging_temperature": 0.03465869197129878, "random_strength": 0.11914720809458368}